{"trainer/global_step":9,"val_loss_epoch":16.19895362854004,"val_loss_step":16.19895362854004,"epoch":1,"_timestamp":1.742137966196845e+09,"_step":5,"train_loss":17.427139282226562,"_runtime":208.43944,"_wandb":{"runtime":209}}