{"_runtime":7068.077746,"train_loss":-8.723234176635742,"_timestamp":1.742080972247544e+09,"epoch":2,"trainer/global_step":299,"val_loss_epoch":-20.258134841918945,"_wandb":{"runtime":7136},"val_loss_step":-20.258134841918945,"_step":17}