{"epoch":1,"val_loss_step":12.093521118164062,"_runtime":121.258415,"val_loss_epoch":12.093521118164062,"_timestamp":1.7409283242649758e+09,"_step":5,"trainer/global_step":9,"train_loss":14.341778755187988,"_wandb":{"runtime":121}}